,id,uid,password,first_name,username,last_name,email,avatar,gender,phone_number,social_insurance_number,date_of_birth,title,key_skill,city,street_name,street_address,zip_code,state,country,lat,lng,cc_number,plan,status,payment_method,term
0,9914,61c4c2ca-e8f8-44d2-b104-30860eea94f1,Cm2Feu0BbZ,David,david.hermiston,Hermiston,david.hermiston@email.com,https://robohash.org/utnequetemporibus.png?size=300x300&set=set1,Male,David,392549937,1980-08-22,Sales Officer,Proactive,South Dale,Beatty Ville,944 DuBuque Glen,61957,Delaware,United States,-45.68430213468132,2.3571580959097673,4264371931211,Bronze,Idle,Cheque,Payment in advance
1,1511,88b183a0-83f4-4464-89d4-e533d954f90d,G4u38pjgQD,Catheryn,catheryn.kling,Kling,catheryn.kling@email.com,https://robohash.org/veldoloremest.png?size=300x300&set=set1,Polygender,Catheryn,419792965,1996-09-09,Advertising Facilitator,Proactive,South Isaiahton,Tessie Locks,2471 Tremblay Track,37369-8244,Mississippi,United States,-17.064547293637588,-13.15429842441759,4646408870521,Standard,Active,Google Pay,Annual
2,8038,0db4984f-7b1b-4b59-b03d-1cb0a625e315,0oh3FVJPgr,Foster,foster.herzog,Herzog,foster.herzog@email.com,https://robohash.org/utcorruptiab.png?size=300x300&set=set1,Non-binary,Foster,149612525,1983-04-01,Investor Sales Strategist,Networking skills,Swaniawskiton,Zemlak Ranch,40676 Everette Tunnel,28220,Arkansas,United States,67.81001799964176,34.22638226932213,6771-8977-8937-0999,Starter,Pending,Cash,Full subscription
3,1298,f7d6a434-5775-4aa2-8ae9-d91dc81188ce,lDmIvERpyw,Lucille,lucille.o'connell,O'Connell,lucille.o'connell@email.com,https://robohash.org/laborumnostrumfacilis.png?size=300x300&set=set1,Agender,Lucille,576697742,2002-06-12,Forward Marketing Agent,Self-motivated,North Elmofort,Alvin Union,4276 Jacque Shores,34272,Virginia,United States,39.93175651435206,18.23206375012367,6771-8912-5849-5437,Business,Active,Credit card,Monthly
4,9195,ef372d1c-ad2f-4d88-a094-9446a05f9258,prHKRxgaZG,Scottie,scottie.friesen,Friesen,scottie.friesen@email.com,https://robohash.org/quiperspiciatisquia.png?size=300x300&set=set1,Non-binary,Scottie,554326645,1964-02-05,Investor Sales Designer,Networking skills,Bahringertown,Friesen Road,56519 Hegmann Summit,81834-2321,New York,United States,9.132714344324583,37.23041369801754,6771-8934-2031-5154,Student,Active,Google Pay,Monthly
5,3567,1b5ddd9f-cdc6-40ca-bafa-f5e34feedf2b,A3uPrld5Nm,Soon,soon.grimes,Grimes,soon.grimes@email.com,https://robohash.org/beataeeanon.png?size=300x300&set=set1,Bigender,Soon,509951000,1970-02-04,Forward IT Associate,Organisation,Leschland,Beier Inlet,21043 Norberto Trafficway,43502-4689,Kentucky,United States,57.168611560563505,58.0731509627079,4354391985519,Gold,Idle,Credit card,Annual
6,828,cf77b372-5e9d-491a-a0df-10f6d0819664,Mvf3tcsYPo,Digna,digna.crona,Crona,digna.crona@email.com,https://robohash.org/etetnumquam.png?size=300x300&set=set1,Male,Digna,917020430,1995-03-17,Lead Consulting Technician,Problem solving,Lake Leisafort,Bauch Flats,181 Marlin Fall,58986-1229,Louisiana,United States,39.04614530803849,28.018217086449084,4383061511974,Professional,Idle,Bitcoins,Full subscription
7,8928,66779b3c-c78a-4bb7-8801-6c67b6f88280,AG2qVg9c10,Fumiko,fumiko.jerde,Jerde,fumiko.jerde@email.com,https://robohash.org/teneturetsequi.png?size=300x300&set=set1,Agender,Fumiko,127180628,1999-04-21,Legacy Government Orchestrator,Fast learner,Lake Tamihaven,Darnell Inlet,51946 Laverne Parkways,63399,North Dakota,United States,63.09376710715901,-163.03914236288668,4176-5165-1167-2326,Basic,Blocked,Cheque,Full subscription
8,1232,c593df92-dcf9-40c1-9c8c-2a9612d81c8f,CdofB1PuOE,Kris,kris.crist,Crist,kris.crist@email.com,https://robohash.org/voluptateseiusqui.png?size=300x300&set=set1,Non-binary,Kris,443021902,1996-06-15,Legacy Coordinator,Leadership,East Isobelmouth,Mimi Manor,3373 Alexander Burgs,57381,West Virginia,United States,87.56550852973439,104.93703135420287,5381-3986-5065-1660,Starter,Active,Cash,Payment in advance
9,2512,f9087152-9f31-4ae6-9330-bca06c1dc8ad,OQaV7djcfh,Nathalie,nathalie.fritsch,Fritsch,nathalie.fritsch@email.com,https://robohash.org/errorperspiciatisfugit.png?size=300x300&set=set1,Polygender,Nathalie,657154696,1969-02-21,IT Assistant,Technical savvy,Port Marquitta,Nenita Spurs,873 Delmar Tunnel,75922,Wyoming,United States,-75.43610970608067,133.79572082093165,6771-8937-9079-8682,Diamond,Idle,Google Pay,Annual
10,6262,b604c7e1-d380-41a6-9a17-302947f6dd3d,PdfEBHtQTM,Cleo,cleo.dickinson,Dickinson,cleo.dickinson@email.com,https://robohash.org/nisisitvoluptates.png?size=300x300&set=set1,Polygender,Cleo,435258967,1982-06-28,Real-Estate Analyst,Problem solving,New Coltonbury,Florrie Freeway,71293 Elbert Run,81167,California,United States,5.409789351888492,122.09498467299562,5473-5616-0526-1484,Standard,Active,Cash,Annual
11,6577,156984c0-ab3d-4fe3-9179-e2fa94411794,RurhsVDQvg,Joey,joey.ebert,Ebert,joey.ebert@email.com,https://robohash.org/quiamollitiaeius.png?size=300x300&set=set1,Agender,Joey,623020989,1999-01-23,Banking Executive,Organisation,New Eunstad,Will Harbors,702 Pasquale Passage,84896-8414,Kentucky,United States,87.66584447683752,43.40884795929213,5457-4295-5149-9500,Bronze,Pending,Debit card,Payment in advance
12,5165,839e151a-85a9-480d-9594-43edd3ec0ff4,U4jAJCEbrk,Cecille,cecille.kirlin,Kirlin,cecille.kirlin@email.com,https://robohash.org/etuteius.png?size=300x300&set=set1,Female,Cecille,793568551,1962-12-10,Dynamic Agent,Self-motivated,Lake Emmanuelborough,Kutch Mountains,2328 Wehner Cape,62481,Mississippi,United States,-22.690921203035018,-51.532615483867744,4596-1937-6484-5538,Premium,Idle,Google Pay,Payment in advance
13,5759,020ff092-cbad-4891-93ac-938539999f41,TO3YU2Vv1b,Rosette,rosette.carroll,Carroll,rosette.carroll@email.com,https://robohash.org/modidoloremfacere.png?size=300x300&set=set1,Bigender,Rosette,953165065,2000-12-06,Direct Technology Engineer,Fast learner,North Roxane,Crist Trail,1566 Daniel Ville,64600,Washington,United States,-19.59100938607199,-73.82894859094009,4898-9604-6650-4950,Standard,Pending,Cash,Payment in advance
14,9216,4f72111a-4e4f-4fb9-9ea6-f8a80ac0820f,Ngyv7QELMR,Colby,colby.roob,Roob,colby.roob@email.com,https://robohash.org/etatquehic.png?size=300x300&set=set1,Female,Colby,117066126,1983-06-11,Corporate Hospitality Analyst,Organisation,Kellyfort,Beatty Hollow,56503 Deckow Garden,70005,Iowa,United States,-14.638970475882303,116.19130057278386,4253-0677-7995-4127,Student,Idle,Google Pay,Payment in advance
15,3036,fca39973-08fd-41d7-8045-db1291e9ad33,tQRHIzywFB,Arron,arron.hane,Hane,arron.hane@email.com,https://robohash.org/iurequidolorum.png?size=300x300&set=set1,Polygender,Arron,396650657,1996-11-14,Central Farming Engineer,Networking skills,Collinsmouth,Grant Curve,48980 Flatley Park,49852,Iowa,United States,27.49359155901041,110.71251655097308,6771-8928-6805-9894,Professional,Pending,WeChat Pay,Monthly
16,2850,3d77beee-71be-4edb-96b8-7c1c0af3fc32,1poxzMTvrc,Rosemary,rosemary.williamson,Williamson,rosemary.williamson@email.com,https://robohash.org/ullamlaboriosamtemporibus.png?size=300x300&set=set1,Bigender,Rosemary,533434122,1974-10-31,Accounting Liaison,Problem solving,East Josphine,Wiegand Land,7944 Enriqueta Circle,36426,California,United States,-80.70861168695996,-152.2370316586473,5138-8130-9728-0085,Business,Active,WeChat Pay,Payment in advance
17,107,c0904acc-8b4f-4365-9556-794f10622cf7,9e1iuhtb6C,Teddy,teddy.mraz,Mraz,teddy.mraz@email.com,https://robohash.org/oditmagninon.png?size=300x300&set=set1,Genderqueer,Teddy,426650396,1978-03-01,District Analyst,Communication,New Randell,Lynch Pine,406 Moore Corner,94165,Wyoming,United States,-72.39178479768466,-57.30551434892848,6771-8933-6788-6332,Essential,Pending,Alipay,Annual
18,155,e91f1da6-1f57-4745-815d-9de1ff49872f,cpadzsMkvF,Suanne,suanne.reilly,Reilly,suanne.reilly@email.com,https://robohash.org/enimdignissimoslaudantium.png?size=300x300&set=set1,Bigender,Suanne,411742984,1963-09-12,Sales Engineer,Confidence,North Glynda,Metz Shore,249 Renner Mews,54484,Nevada,United States,-57.6897104529001,-66.6541452538992,6771-8933-6378-1263,Platinum,Idle,Alipay,Payment in advance
19,7245,0a488611-15d5-4d25-bd80-d05559c9822d,Xco5M9uWfl,Yajaira,yajaira.glover,Glover,yajaira.glover@email.com,https://robohash.org/similiquevoluptatibusvoluptas.png?size=300x300&set=set1,Genderqueer,Yajaira,674838115,1996-03-27,Global Farming Assistant,Confidence,Kristinaberg,Waelchi Forges,7878 Velda Mill,21817-4099,North Dakota,United States,48.28183431547882,-89.98863737848475,5123-4776-0852-6464,Student,Active,Cheque,Monthly
20,5750,76dfc18c-693a-468f-85b7-69ff2dd6f95c,wHJp0LrAnk,Anderson,anderson.cummerata,Cummerata,anderson.cummerata@email.com,https://robohash.org/velvoluptatemofficiis.png?size=300x300&set=set1,Non-binary,Anderson,188489736,1959-02-18,Dynamic Design Manager,Communication,Connborough,Rosamaria Plain,8791 Buck Village,32569-8998,Ohio,United States,19.34705711427094,-26.77120752020565,5232-2124-5620-3181,Professional,Idle,Credit card,Full subscription
21,3131,f407e9d0-d091-48d7-b673-f9b17734e675,jyGICr6AND,Lottie,lottie.maggio,Maggio,lottie.maggio@email.com,https://robohash.org/utautet.png?size=300x300&set=set1,Bigender,Lottie,258275809,1980-01-25,Product Facilitator,Leadership,Port Cyril,Spencer Motorway,9244 Cummings Hill,32219-0588,West Virginia,United States,3.1727619108764884,62.89546614788571,4420-9889-6934-9604,Bronze,Idle,Cash,Monthly
22,5037,0a20d6cf-0830-4489-a8c6-9c02d87f142c,uEAIBwCQfX,Reuben,reuben.hartmann,Hartmann,reuben.hartmann@email.com,https://robohash.org/deseruntdoloread.png?size=300x300&set=set1,Bigender,Reuben,359495322,1966-01-23,Internal Administration Strategist,Work under pressure,Maurinechester,Howe Ridges,3744 Ratke Motorway,04539,New York,United States,48.457774109527605,95.75126432493454,5419-4696-7340-3136,Professional,Idle,Cheque,Annual
23,6677,3cc669ef-a9a6-4d84-a40e-9a3fea7405f4,lfceVq4hLR,Neoma,neoma.collier,Collier,neoma.collier@email.com,https://robohash.org/consequaturnequecum.png?size=300x300&set=set1,Male,Neoma,475992830,1960-03-30,Corporate Engineer,Fast learner,Camieville,Feeney Route,274 Nienow Place,84904-4655,Hawaii,United States,57.91129375055891,-143.65143522592047,5334-2990-5691-2755,Bronze,Idle,WeChat Pay,Payment in advance
24,3774,ad8da279-55d2-4d71-8922-acf162664de7,KIPkslLBAX,Antoine,antoine.bogan,Bogan,antoine.bogan@email.com,https://robohash.org/consequaturquisquamquo.png?size=300x300&set=set1,Agender,Antoine,370819187,2000-01-30,Healthcare Officer,Work under pressure,South Julian,Jerrie Terrace,4204 Monahan Land,01068-3369,Arkansas,United States,10.080584739812423,-95.87700088362638,6771-8924-7155-4059,Standard,Pending,Cheque,Annual
25,3726,f8a5f34f-80a9-4347-860c-0b259c411c70,JXghTZ2D0v,Jeanine,jeanine.robel,Robel,jeanine.robel@email.com,https://robohash.org/utplaceatsed.png?size=300x300&set=set1,Genderqueer,Jeanine,603589474,1978-10-15,Manufacturing Analyst,Proactive,New Jeffreychester,Cummings Rue,698 Hoppe Wall,40627-6627,West Virginia,United States,7.020418961746628,-111.23933700064728,6771-8995-4154-1032,Bronze,Idle,Apple Pay,Monthly
26,7738,3683fa4b-88d4-4576-a1e8-40c42cfa56aa,P6yWfvmqtk,Lou,lou.kuphal,Kuphal,lou.kuphal@email.com,https://robohash.org/etporroest.png?size=300x300&set=set1,Male,Lou,384625984,1958-09-02,Internal Administration Developer,Work under pressure,Port Adalberto,Wilderman Squares,4385 Koelpin Pass,46832,California,United States,55.503792193242276,-144.08818711264092,4596-3875-5597-4966,Basic,Active,Money transfer,Payment in advance
27,3527,17264faa-c040-42cc-8cf6-ba48b3248ad9,Eolp5Vec1T,Paige,paige.feeney,Feeney,paige.feeney@email.com,https://robohash.org/commodiessequasi.png?size=300x300&set=set1,Non-binary,Paige,436605323,1979-11-22,District Healthcare Engineer,Organisation,East Earnest,Morar Divide,2841 Ayako Stream,59642-1498,Colorado,United States,25.369732504813115,-92.01360540005784,4479428756516,Diamond,Idle,Credit card,Full subscription
28,542,8c2ec82a-2ca4-4ed2-b5bb-708926d313fa,HjaN6yOXMC,Myron,myron.dooley,Dooley,myron.dooley@email.com,https://robohash.org/adipiscifacereipsam.png?size=300x300&set=set1,Agender,Myron,594053092,1969-07-03,District Coordinator,Networking skills,Koelpinville,Effertz Shores,944 Conn Manor,89627,Utah,United States,76.91928440702895,143.30219675890913,4725-6477-9273-0065,Free Trial,Blocked,Debit card,Annual
29,5870,561d0c87-4951-4435-9bcd-4d59fc384723,1NiLyUawYZ,Hans,hans.kuhlman,Kuhlman,hans.kuhlman@email.com,https://robohash.org/sitnemolaborum.png?size=300x300&set=set1,Genderfluid,Hans,746301142,1970-06-25,Regional Government Officer,Work under pressure,East Randell,Jackie Prairie,4152 Rodrigo Ridges,72243,Hawaii,United States,-58.682171463372484,0.6795313294147718,4321739729933,Gold,Active,Cheque,Full subscription
30,9799,6d7a9c42-e31a-48ea-b932-8e096c92e69a,FYrj1gAm9U,Nelly,nelly.herzog,Herzog,nelly.herzog@email.com,https://robohash.org/etevenietdolore.png?size=300x300&set=set1,Male,Nelly,237020599,1962-06-30,Human Consulting Architect,Technical savvy,West Etheleneland,Shawanna Springs,6323 Tammara Bypass,38597-1906,Iowa,United States,13.70511649783488,-63.71297693163075,5271-2872-4302-3862,Free Trial,Idle,Visa checkout,Full subscription
31,6107,e0a57c3a-6fe5-4a01-978d-335c14f0325e,DFzrRph26Y,Val,val.heaney,Heaney,val.heaney@email.com,https://robohash.org/estvelitdoloremque.png?size=300x300&set=set1,Genderqueer,Val,184300507,2002-09-06,Community-Services Executive,Work under pressure,New Virgil,Holly Locks,9072 Beier Lake,13237,New Mexico,United States,64.89528753998644,3.3172028937983953,6771-8956-6979-5442,Premium,Idle,Cheque,Payment in advance
32,5671,0b235b16-dc27-4317-8760-4b0afd22ce60,p5HjRitZou,Clifton,clifton.price,Price,clifton.price@email.com,https://robohash.org/quofaceresoluta.png?size=300x300&set=set1,Non-binary,Clifton,487589350,2001-08-12,Dynamic Legal Executive,Confidence,Macejkovicport,Lucius Plaza,7088 Conroy Roads,37587,Pennsylvania,United States,-68.26340442201169,63.72034303551354,6771-8946-0323-2463,Business,Active,Paypal,Annual
33,9046,939f8218-84f4-4f2c-a43e-cec38291307a,7XQeLoVMnS,Anibal,anibal.ryan,Ryan,anibal.ryan@email.com,https://robohash.org/namquossed.png?size=300x300&set=set1,Female,Anibal,252654462,1993-03-14,Healthcare Executive,Problem solving,Rogahnborough,Zieme Parks,353 Satterfield Fall,46651,Wyoming,United States,50.147955244078986,108.33637407213354,5173-2701-6726-9322,Essential,Active,Paypal,Annual
34,1349,58caed14-d28c-4814-8f59-83e998046366,24Y1UMZmWJ,Harvey,harvey.schimmel,Schimmel,harvey.schimmel@email.com,https://robohash.org/asperioresexcepturivoluptas.png?size=300x300&set=set1,Genderqueer,Harvey,311505887,1999-07-11,Healthcare Technician,Proactive,South Isidrochester,Kovacek Mountain,8152 O'Keefe Plains,22239,Kansas,United States,30.113990863981797,156.66356785653937,4373928385290,Silver,Active,Bitcoins,Full subscription
35,173,e08f0d08-ffe8-4ada-aad6-5f8f213d9d52,Nepgnh1XlZ,Celena,celena.schamberger,Schamberger,celena.schamberger@email.com,https://robohash.org/nullatemporequi.png?size=300x300&set=set1,Female,Celena,374062032,1987-03-05,Investor Technology Facilitator,Leadership,East Ahmed,Elijah Cape,60134 Carey Village,84427,Tennessee,United States,-51.07972330057651,5.952496325012163,4593-2180-0013-1832,Silver,Active,Money transfer,Full subscription
36,4719,87b17a0f-8f70-48bc-8968-24778a72f732,7vp5hZq6Xz,Eartha,eartha.powlowski,Powlowski,eartha.powlowski@email.com,https://robohash.org/inventorealiasblanditiis.png?size=300x300&set=set1,Genderfluid,Eartha,568380059,1985-04-12,Direct Retail Orchestrator,Technical savvy,Markstad,Hahn Mountains,723 Maryland Gateway,87190,Vermont,United States,16.679704429518452,-92.5758496578518,6771-8939-7130-0944,Diamond,Active,Credit card,Full subscription
37,4841,019d931e-3dd3-46f8-8cf1-7898d5e04a46,CEGLFbjc5e,Krishna,krishna.dooley,Dooley,krishna.dooley@email.com,https://robohash.org/beataequonumquam.png?size=300x300&set=set1,Genderfluid,Krishna,452966047,1967-11-02,District Associate,Work under pressure,Lake Ouidashire,Torphy Ranch,93797 Parisian Walk,78851,Maryland,United States,9.70523027692694,157.13337913315996,5349-2650-9579-8722,Business,Pending,Cheque,Monthly
38,1110,845e3f31-5b42-4594-bb15-093d71b2e026,rAI2uhe89x,Berna,berna.effertz,Effertz,berna.effertz@email.com,https://robohash.org/delenitiaccusamusaccusantium.png?size=300x300&set=set1,Female,Berna,979239084,1977-08-04,Retail Liaison,Teamwork,Reikoville,Reichel Trafficway,8290 Julius Island,03565,South Dakota,United States,-43.07238620606213,-144.07269146365286,6771-8990-9190-4457,Basic,Pending,Bitcoins,Full subscription
39,2783,7ab43640-c125-43a6-a814-f033665d3eb2,UxOrWPNeLf,Brittny,brittny.aufderhar,Aufderhar,brittny.aufderhar@email.com,https://robohash.org/placeatfacerepariatur.png?size=300x300&set=set1,Agender,Brittny,611209677,2000-11-02,Dynamic Administration Liaison,Self-motivated,West Dustystad,Lisbeth Route,876 Oberbrunner Valleys,22651-9131,South Carolina,United States,-21.830476595980727,56.27445397541578,4552-4812-2511-7189,Business,Active,Google Pay,Annual
40,5040,512fc2e8-0aee-4360-8a91-32c23a03e237,Xycv3l2YHr,Scott,scott.o'connell,O'Connell,scott.o'connell@email.com,https://robohash.org/namfacilisodio.png?size=300x300&set=set1,Male,Scott,522410935,2001-01-08,Central Farming Specialist,Teamwork,Collinhaven,Wendell Ramp,784 Waylon Island,65569,Idaho,United States,20.420634403772297,112.67602180946369,5143-0616-1530-9936,Platinum,Idle,Money transfer,Annual
41,856,f6ecb475-c993-4b48-a052-116dfddfa15b,nAYprimzaC,Marshall,marshall.schimmel,Schimmel,marshall.schimmel@email.com,https://robohash.org/magnicorruptiut.png?size=300x300&set=set1,Female,Marshall,307764316,2001-12-11,Central Marketing Supervisor,Confidence,Zemlakville,Beatty Forks,25846 Jamee Courts,98507,Massachusetts,United States,1.597720415930283,73.43756665737803,5390-4054-3422-2913,Standard,Idle,Bitcoins,Monthly
42,414,244db397-e54d-457c-873f-60b5ae8d220d,q2IPD8ukM3,Ozzie,ozzie.moore,Moore,ozzie.moore@email.com,https://robohash.org/possimusquibusdamquis.png?size=300x300&set=set1,Polygender,Ozzie,407987874,1972-02-02,Customer Legal Designer,Leadership,Abbotthaven,Satterfield Camp,2606 Wan Estate,88931-2090,New Mexico,United States,52.96116494143919,-133.04354417081294,4899955454294,Silver,Idle,Google Pay,Annual
43,2022,aba64423-1a4c-44c1-9049-6d1199bed5fa,BEm17jaKIL,Russel,russel.pfeffer,Pfeffer,russel.pfeffer@email.com,https://robohash.org/nihillaboriosamminus.png?size=300x300&set=set1,Polygender,Russel,749314530,1981-07-31,Legacy Healthcare Producer,Organisation,North Johannafurt,Bernier Station,740 Edris Key,59006-1517,Florida,United States,11.225329442396045,-45.20701314696325,6771-8996-7567-4831,Diamond,Active,Debit card,Full subscription
44,859,4b19b2cb-7dce-4808-ad52-e2a24facdd4b,B8gdYborT7,Darrick,darrick.franecki,Franecki,darrick.franecki@email.com,https://robohash.org/estilluminventore.png?size=300x300&set=set1,Genderfluid,Darrick,980804322,1966-02-15,Future Planner,Technical savvy,Eastermouth,Ahmad Cape,990 Clarinda Via,56645-1191,Illinois,United States,-29.714045687397544,15.281602834052677,4989-7549-6026-6541,Diamond,Active,Bitcoins,Annual
45,9038,890fe3ab-fd14-4561-9490-c442c83ab493,nyX6ajKQES,Dion,dion.halvorson,Halvorson,dion.halvorson@email.com,https://robohash.org/saepequisitaque.png?size=300x300&set=set1,Bigender,Dion,626608608,1970-12-11,Advertising Representative,Work under pressure,Cyrilview,Eleanor Throughway,87537 Nader Junction,07781,Hawaii,United States,-63.76629025941732,-89.86824598009055,4931393412509,Diamond,Pending,Cheque,Full subscription
46,237,27611ac8-f29f-438a-9b9e-8627a6215fbd,enfubZ8vgo,Olen,olen.kiehn,Kiehn,olen.kiehn@email.com,https://robohash.org/repudiandaedoloremqueaspernatur.png?size=300x300&set=set1,Genderqueer,Olen,366766236,1968-04-26,Design Planner,Teamwork,Annitatown,O'Keefe Mall,480 Pagac Ridges,28797-1516,Texas,United States,52.82711842212683,73.00178989589136,5427-5437-6409-9621,Diamond,Blocked,Paypal,Payment in advance
47,5602,c07f6bf5-052d-4b78-84fc-47e31a4da0c9,WOZ3EU07eQ,Domenic,domenic.cummerata,Cummerata,domenic.cummerata@email.com,https://robohash.org/omnisiustoaut.png?size=300x300&set=set1,Male,Domenic,321645244,1983-10-25,Forward Mining Administrator,Communication,Hamillton,Demetrius Fort,5473 Schneider Views,00811-9293,Kansas,United States,-50.13412936111822,132.90101461187027,4727-9293-3749-2551,Silver,Pending,Credit card,Payment in advance
48,2459,405cc6c3-0d7d-43af-890c-69a661c6daab,vlqcV8aJp4,Twila,twila.kulas,Kulas,twila.kulas@email.com,https://robohash.org/nonexcepturiin.png?size=300x300&set=set1,Male,Twila,742287345,1957-11-16,Technology Technician,Technical savvy,Yettaton,Nada Walks,766 Libby Stravenue,04865-2916,Arizona,United States,-50.017816700739374,-94.65274809412163,4480790693196,Gold,Idle,Money transfer,Full subscription
49,5072,8d237575-1114-4539-8f0c-b4e9d5ae15a2,qmx40CISzH,Jesus,jesus.fisher,Fisher,jesus.fisher@email.com,https://robohash.org/fugiatestaut.png?size=300x300&set=set1,Female,Jesus,534558697,1970-02-15,Government Engineer,Work under pressure,East Nicolasahaven,Dean Parkway,2861 Kemmer Curve,51586,Louisiana,United States,-47.497176344664766,-15.626470306286336,6771-8918-0933-5835,Premium,Pending,Cash,Monthly
50,6618,6e10152a-741c-4f91-b0d5-c0a90bf11294,tBzXGdmfE3,Rudolph,rudolph.buckridge,Buckridge,rudolph.buckridge@email.com,https://robohash.org/pariaturofficiisodit.png?size=300x300&set=set1,Genderqueer,Rudolph,411745011,2000-03-28,Healthcare Liaison,Work under pressure,North Loyd,Emmerich Terrace,6675 Ronny Ranch,70782-6872,Nevada,United States,35.648876874032155,-157.54181438273568,6771-8913-5171-9915,Basic,Idle,Alipay,Payment in advance
51,13,6dc8f018-3b82-4e7c-a34a-fd1dafca1a58,olcQF7WVnC,Usha,usha.wisoky,Wisoky,usha.wisoky@email.com,https://robohash.org/voluptatesdoloresse.png?size=300x300&set=set1,Non-binary,Usha,297040925,1989-02-26,Future Real-Estate Technician,Fast learner,Schadenfort,Schulist Inlet,5861 Jordon River,17850,Iowa,United States,47.74234290561586,-153.7444303408695,4699-9236-8538-7806,Professional,Pending,Credit card,Annual
52,6295,2d0133ab-0203-4b0e-8473-785f877b31de,KudvkVnIq7,Morgan,morgan.gerhold,Gerhold,morgan.gerhold@email.com,https://robohash.org/voluptatesutalias.png?size=300x300&set=set1,Genderfluid,Morgan,342028792,2001-10-12,Investor Manager,Problem solving,Schillertown,Klocko Estate,60078 Kamala Falls,29035-5931,Delaware,United States,37.51334153037368,-43.123864525715106,5322-1682-1394-4890,Free Trial,Blocked,WeChat Pay,Full subscription
53,9008,837d54b6-1ec6-4fc2-8d32-53bad8e56d1d,wSfrzkeyWB,Tomas,tomas.hegmann,Hegmann,tomas.hegmann@email.com,https://robohash.org/hicrerumquisquam.png?size=300x300&set=set1,Genderqueer,Tomas,788173128,1973-08-13,Dynamic Real-Estate Analyst,Leadership,Lake Hermelinda,Leatrice Village,4425 Raynor Valleys,67278-6259,Maine,United States,-89.09039322716832,-142.27970139329187,4331424657901,Bronze,Idle,Visa checkout,Full subscription
54,5919,ce2e8e3b-fd09-4445-9bc3-74f14dc70b22,wyK3acxru6,Jerrell,jerrell.torphy,Torphy,jerrell.torphy@email.com,https://robohash.org/etconsequaturnecessitatibus.png?size=300x300&set=set1,Agender,Jerrell,287052781,1978-06-03,Community-Services Designer,Networking skills,Lake Billport,Johnston Course,8807 Stefan Parkway,47668-7654,New York,United States,-20.0050352315061,-124.38089215013322,4630-7026-8454-2005,Diamond,Pending,Apple Pay,Full subscription
55,8470,e0d13810-ede8-490f-b51b-3a38c7659bca,qNJh13mk56,Ashton,ashton.gutmann,Gutmann,ashton.gutmann@email.com,https://robohash.org/sequiearepellendus.png?size=300x300&set=set1,Agender,Ashton,955036058,1991-01-19,Marketing Representative,Fast learner,Lake Sonyastad,Tillman Curve,990 Pasquale Flats,17620,Alaska,United States,66.50801617415829,-49.29346604243696,4557807692087,Diamond,Idle,Visa checkout,Monthly
56,2238,94f34df2-c7ad-4b71-84c4-f7fae42dad35,5lCfTOxJa3,Tameka,tameka.schimmel,Schimmel,tameka.schimmel@email.com,https://robohash.org/officianihilqui.png?size=300x300&set=set1,Agender,Tameka,135891471,1998-11-28,Advertising Specialist,Networking skills,North Mabelleland,Von Point,59582 Hermiston Station,09135-7120,Arizona,United States,-53.68913837985544,-77.64548716077459,6771-8914-8404-7838,Starter,Idle,Cash,Full subscription
57,3583,927e8ec6-2857-4d56-aee2-da210c0b29ef,CYU7ohG3vH,Logan,logan.parisian,Parisian,logan.parisian@email.com,https://robohash.org/similiqueillumvoluptatem.png?size=300x300&set=set1,Bigender,Logan,598031359,1979-01-09,Senior Facilitator,Communication,East Bambi,Danette Path,9345 Hugh Junctions,95867,Kansas,United States,-73.87254246138116,132.13372518918067,5525-9141-7227-4646,Starter,Blocked,Cash,Payment in advance
58,5056,87d79a5b-b254-459b-a9f0-fb709fe753b2,MhsHm5IVRp,Petronila,petronila.dibbert,Dibbert,petronila.dibbert@email.com,https://robohash.org/sitautillo.png?size=300x300&set=set1,Agender,Petronila,384025219,1965-01-09,Senior Retail Specialist,Leadership,Wittingstad,Claud Flat,63670 Maynard Place,87066-5673,North Carolina,United States,-6.398852276964192,-73.80851239653448,5158-7301-9765-0949,Free Trial,Blocked,Debit card,Monthly
59,2212,94e0f76f-5aea-4533-bf80-2ca2f8856e9d,xOqyoV7L4z,Lola,lola.kemmer,Kemmer,lola.kemmer@email.com,https://robohash.org/natusvoluptatummagni.png?size=300x300&set=set1,Male,Lola,232864702,1969-08-29,Corporate Representative,Fast learner,Arnoldville,Micah Point,3495 Chantell Mall,43393-5395,Missouri,United States,64.64134590745061,-143.59862346554092,4358771266556,Student,Blocked,Money transfer,Monthly
60,6432,e8f1e9b9-1645-4fbe-9a88-ee368d03b6cc,7HVwR8sXg4,Keven,keven.emard,Emard,keven.emard@email.com,https://robohash.org/istequiaet.png?size=300x300&set=set1,Agender,Keven,355882978,1979-03-20,Dynamic Healthcare Manager,Self-motivated,Lake Shawna,Block Landing,2863 Cruz Turnpike,02788,Oklahoma,United States,-6.567952325490282,-34.61830696950287,4939-4476-8779-8398,Silver,Idle,Cheque,Full subscription
61,9611,ecdd2be4-5d28-4661-9309-01a83fb73e1d,B8OG35FVda,Selene,selene.rath,Rath,selene.rath@email.com,https://robohash.org/velitdolorumsed.png?size=300x300&set=set1,Bigender,Selene,431599265,1967-12-04,National Mining Strategist,Technical savvy,East Taren,Millard Junctions,594 Haag Parks,92551-0021,Vermont,United States,35.82108962892012,-62.223172851344,6771-8923-8536-5204,Starter,Blocked,Bitcoins,Full subscription
62,6748,c19d760f-a1f5-45dc-8fe6-99edc182e927,haSOCNLXTm,Lashay,lashay.d'amore,D'Amore,lashay.d'amore@email.com,https://robohash.org/eanonblanditiis.png?size=300x300&set=set1,Non-binary,Lashay,479229650,1995-02-27,Construction Agent,Self-motivated,South Lydiahaven,Rau Mall,698 Schmeler Ramp,05132,New Hampshire,United States,25.910048298554116,13.891505657137117,4855-2131-6516-2717,Bronze,Active,Bitcoins,Monthly
63,4159,8cc08b47-8089-4869-8901-c453e627a0fb,zi1d0LfZ5a,Tisha,tisha.lind,Lind,tisha.lind@email.com,https://robohash.org/autsintvoluptate.png?size=300x300&set=set1,Polygender,Tisha,635288871,1965-09-21,Principal Advertising Agent,Organisation,North Montyfurt,Barton Inlet,9339 Raeann Ford,29714,Delaware,United States,-67.4618135026148,37.86728686051933,5264-3281-7618-1142,Professional,Active,Money transfer,Payment in advance
64,2456,42a77c05-eb3e-4bba-961f-5d51e798a4c4,J1bcY2HdgE,Tom,tom.corwin,Corwin,tom.corwin@email.com,https://robohash.org/eiusasperiorestempora.png?size=300x300&set=set1,Non-binary,Tom,963522792,2001-03-02,Hospitality Liaison,Communication,Wardmouth,Dominick Inlet,900 Kirk Circle,31103,Pennsylvania,United States,44.48712248333115,-162.9826934589304,6771-8946-5197-6243,Platinum,Idle,Paypal,Full subscription
65,7387,7562e895-3e89-468d-935c-2d0eaee65c2f,oQwx1r4ZDP,Benton,benton.hagenes,Hagenes,benton.hagenes@email.com,https://robohash.org/molestiaeinciduntsimilique.png?size=300x300&set=set1,Agender,Benton,408824951,1974-08-28,Future Education Developer,Teamwork,Luthertown,Lowe Burgs,6371 Kandis Manor,44406-9596,North Dakota,United States,-20.164958090713228,-130.1015000791751,5288-8955-8384-9455,Free Trial,Pending,Alipay,Annual
66,6109,b5a97ad4-d3da-4f55-8f8f-38cf94502713,zsLHrVlwPW,Gordon,gordon.auer,Auer,gordon.auer@email.com,https://robohash.org/illumiureaperiam.png?size=300x300&set=set1,Bigender,Gordon,158627331,1965-12-02,Lead Consulting Associate,Proactive,Lake Willianshire,Candance Drive,417 Stokes Fords,31745-5062,Connecticut,United States,-59.361702814234526,-157.8670598724491,5176-0010-7236-5427,Free Trial,Idle,Debit card,Payment in advance
67,7012,a7584055-54ca-40d2-a58b-25bf7694ecc2,aJqLjYPW6e,Yolonda,yolonda.barton,Barton,yolonda.barton@email.com,https://robohash.org/idquamoccaecati.png?size=300x300&set=set1,Polygender,Yolonda,720565928,2000-02-07,National Technology Designer,Proactive,Marielleland,Schmitt Lock,516 Miles Ford,75648,Illinois,United States,-27.073263333289354,-140.27317731551,5357-6768-2484-5114,Platinum,Idle,Visa checkout,Annual
68,8967,fc03db5b-e129-432b-98fd-04705fd39e15,1WbtqvIegB,Cristal,cristal.gutmann,Gutmann,cristal.gutmann@email.com,https://robohash.org/sedeiusullam.png?size=300x300&set=set1,Genderqueer,Cristal,423482868,1961-06-06,Chief Manufacturing Facilitator,Self-motivated,Thompsonbury,Carmine Wall,68027 Samara Forks,79319-2705,Oklahoma,United States,-71.69206685917146,58.46934371610848,6771-8921-6625-3603,Gold,Pending,Alipay,Payment in advance
69,4552,11f5775b-cdfb-423e-9e25-a07a160c03c7,NRzVEBoF1h,Colby,colby.schiller,Schiller,colby.schiller@email.com,https://robohash.org/dolorautducimus.png?size=300x300&set=set1,Bigender,Colby,683285183,1993-06-10,Legacy Healthcare Strategist,Technical savvy,Roccoburgh,Reinger Shore,384 Cartwright Trail,45079,Hawaii,United States,-55.912578392995,-24.656049864045855,4529-0386-6322-4586,Business,Idle,Money transfer,Monthly
70,2069,7cf52059-1eb7-4965-b19f-21982ba6e718,qODINTwgx2,Clarisa,clarisa.cummerata,Cummerata,clarisa.cummerata@email.com,https://robohash.org/magnamdoloresconsequatur.png?size=300x300&set=set1,Non-binary,Clarisa,547135988,1958-05-12,Healthcare Representative,Teamwork,Schillerfurt,Gregoria Mews,27364 Gwendolyn Radial,48836,Massachusetts,United States,-72.90397979357398,48.50644725017125,5591-1442-0247-6511,Standard,Blocked,Google Pay,Payment in advance
71,4652,35adffba-abcd-4f12-bd4d-78a50d11f825,xThpoHJCNk,Lane,lane.metz,Metz,lane.metz@email.com,https://robohash.org/nesciuntlaborumexcepturi.png?size=300x300&set=set1,Female,Lane,192004851,1968-08-20,Global Banking Engineer,Proactive,Millerfurt,Sparkle Plains,5122 Rowe Neck,55170-1823,New Jersey,United States,-71.82718042862321,-145.7459969027429,4711-4037-9670-3302,Standard,Pending,Cash,Full subscription
72,5417,9cbbd30c-61a6-4696-8543-fc79613602af,vnM0eSEhCy,Peter,peter.bergnaum,Bergnaum,peter.bergnaum@email.com,https://robohash.org/doloribusveritatisrecusandae.png?size=300x300&set=set1,Polygender,Peter,720458322,1969-06-21,Banking Director,Teamwork,VonRuedenburgh,Essie Overpass,88934 Johns Parkway,49162-2157,Maryland,United States,53.33228614976986,15.206853708513734,4753921291662,Silver,Pending,Money transfer,Monthly
73,2696,c3cb2f6c-15ce-4ffe-a063-d1899855711d,pdwuxJqj8e,Louis,louis.mann,Mann,louis.mann@email.com,https://robohash.org/doloresnesciuntexpedita.png?size=300x300&set=set1,Female,Louis,713000842,1964-01-11,Investor Accounting Liaison,Fast learner,Moseshaven,Kassulke Dale,5898 Morissette Common,09992-9881,Louisiana,United States,45.07222833817016,-95.06869170113548,4554-8031-1789-9749,Basic,Idle,Paypal,Payment in advance
74,3013,672d8073-c999-4144-95dd-d2d5fc41feee,hRXzQpjnS9,Willa,willa.braun,Braun,willa.braun@email.com,https://robohash.org/magnamsequiblanditiis.png?size=300x300&set=set1,Genderfluid,Willa,416084168,1966-07-16,Retail Coordinator,Technical savvy,East Brant,Jarrett Mountains,33488 Purdy Isle,58080,Michigan,United States,23.984386502660712,54.997587041818946,5528-7913-5776-2208,Gold,Idle,Visa checkout,Full subscription
75,4392,51e01a74-5073-4f63-a841-f5e13f005239,gdhtYIUu0S,Ervin,ervin.kuvalis,Kuvalis,ervin.kuvalis@email.com,https://robohash.org/nisiveronumquam.png?size=300x300&set=set1,Female,Ervin,146569785,1981-06-23,Human Technology Director,Confidence,Watsicaside,Erdman Flat,71552 Zieme Lights,67273,Vermont,United States,-0.46735470517721467,105.9927412783469,6771-8992-4157-6882,Essential,Active,Google Pay,Monthly
76,3319,947087e7-bc3e-4b25-890b-f0e50894ef44,v641yTs9UR,Valrie,valrie.white,White,valrie.white@email.com,https://robohash.org/quibusdameaid.png?size=300x300&set=set1,Genderqueer,Valrie,100276468,1974-11-16,Legal Supervisor,Communication,Okunevamouth,Treutel Heights,8698 Mohammad Overpass,09529-6172,Indiana,United States,-89.84820873756513,-96.87612703461954,5455-8139-6019-2180,Business,Blocked,Bitcoins,Payment in advance
77,382,883d9539-8b27-44df-a212-03d7018b753d,6DTYw4puW1,Lauren,lauren.o'hara,O'Hara,lauren.o'hara@email.com,https://robohash.org/sapienteillumautem.png?size=300x300&set=set1,Bigender,Lauren,931199558,2001-06-14,Construction Designer,Problem solving,Port David,Pouros Village,38781 Bins Skyway,79413,West Virginia,United States,-19.9425487271821,-158.10034101210277,6771-8990-6712-7570,Premium,Idle,Paypal,Monthly
78,510,abd18363-c4e6-4c75-8999-3f715b089ec9,TnwO1Fkhzg,Charles,charles.medhurst,Medhurst,charles.medhurst@email.com,https://robohash.org/estrerumplaceat.png?size=300x300&set=set1,Female,Charles,693774440,1992-12-29,International Design Specialist,Fast learner,Port Magan,Ebert Port,75736 Maggio Locks,87519-1254,Hawaii,United States,89.51295432524799,-141.299385065397,5195-7760-1735-6758,Platinum,Idle,WeChat Pay,Monthly
79,9946,8dfe5247-d09a-41eb-b363-27b576c14bc2,dVxCqvjLaN,Julieann,julieann.bahringer,Bahringer,julieann.bahringer@email.com,https://robohash.org/eavoluptatibusitaque.png?size=300x300&set=set1,Agender,Julieann,191889849,1987-03-29,Design Orchestrator,Organisation,South Buckshire,Schuppe Junctions,9150 Breitenberg Shores,14139-8330,Massachusetts,United States,7.181884107487136,-25.798455400384626,4210-7674-2184-2495,Professional,Blocked,Alipay,Monthly
80,7210,8943be04-1a71-4454-be6b-59b62fad3473,ceHhpFsJ6y,Rebbeca,rebbeca.buckridge,Buckridge,rebbeca.buckridge@email.com,https://robohash.org/velitnequelaborum.png?size=300x300&set=set1,Agender,Rebbeca,380083675,1995-12-12,Internal Administration Facilitator,Self-motivated,Jakeport,Goodwin Ford,66267 Conroy Place,65098-5789,Nebraska,United States,70.6768283085272,145.52095122317695,4317027395460,Diamond,Pending,Apple Pay,Payment in advance
81,5640,df77589a-6239-4dec-a22a-48c47204629b,qEFaoML1il,Johna,johna.sauer,Sauer,johna.sauer@email.com,https://robohash.org/quaeratvoluptasrepellendus.png?size=300x300&set=set1,Non-binary,Johna,413504267,1974-05-14,Legacy Officer,Confidence,Stammhaven,Landon Forge,1190 Justin Street,45885-1990,North Dakota,United States,-78.74164064706798,124.80796226246366,4464760340525,Basic,Idle,Cheque,Full subscription
82,1893,a2370fff-6f4c-4cac-a0aa-c704838ebb19,3Ir12TdqhL,Sherlene,sherlene.davis,Davis,sherlene.davis@email.com,https://robohash.org/doloremquoea.png?size=300x300&set=set1,Bigender,Sherlene,608659322,1960-03-08,Manufacturing Coordinator,Teamwork,New Minerva,Marlo Lock,15180 Spinka Pine,32384-6251,Wyoming,United States,9.350611666381312,-80.60860090424143,4385645496945,Platinum,Active,Money transfer,Annual
83,8872,ab3a511d-5366-43cb-a629-84181ca524c3,nBPbHEeUFi,Malcom,malcom.osinski,Osinski,malcom.osinski@email.com,https://robohash.org/pariaturinventoreut.png?size=300x300&set=set1,Male,Malcom,464081488,1965-10-01,Mining Representative,Proactive,Rippinview,Ahmad Rapid,175 Minta Locks,34786,Michigan,United States,-45.69584815372907,-171.38259936633682,4739299206788,Professional,Blocked,Apple Pay,Monthly
84,4453,e4146666-4ec1-4897-a118-e24463972cd9,hBD9dL0tux,Venita,venita.lang,Lang,venita.lang@email.com,https://robohash.org/consequaturadipiscised.png?size=300x300&set=set1,Male,Venita,487074601,2000-01-01,Product Banking Developer,Work under pressure,New Leota,Padberg Points,23358 Gordon Shores,05526,Kentucky,United States,57.106146268404814,72.697271939095,5398-3091-1991-1380,Premium,Idle,WeChat Pay,Monthly
85,82,0e20751d-2eb5-4d46-82a0-aae32330cf6b,K69H25A8kT,Debbie,debbie.schowalter,Schowalter,debbie.schowalter@email.com,https://robohash.org/repellattotamquo.png?size=300x300&set=set1,Non-binary,Debbie,340639137,1964-03-17,Product Retail Associate,Problem solving,Lake Sid,Dach Ridge,92081 Andre Center,45794-1793,Massachusetts,United States,-60.171257526739026,-27.079042490578928,5237-5465-6087-0483,Silver,Blocked,Visa checkout,Annual
86,5053,4ecbd95a-dadb-4773-8176-45a51a3cf625,KVnkDUoaT3,Rene,rene.breitenberg,Breitenberg,rene.breitenberg@email.com,https://robohash.org/repudiandaererumtempora.png?size=300x300&set=set1,Non-binary,Rene,646705368,1965-08-07,Central Manufacturing Strategist,Fast learner,East Robbyport,Johnston Spurs,412 Kub Shore,46556-0451,Virginia,United States,-62.465135774084224,-148.78997210531497,5179-6276-6117-9378,Bronze,Pending,Bitcoins,Payment in advance
87,2619,e2a34291-f03b-43ec-be5d-e31feeab743c,xNRU0kg9Ep,Cesar,cesar.emard,Emard,cesar.emard@email.com,https://robohash.org/aliquidsimiliqueeaque.png?size=300x300&set=set1,Genderfluid,Cesar,579161662,1960-08-14,Hospitality Manager,Organisation,New Sidney,Marhta Ports,13083 Elmer Rapids,59525,West Virginia,United States,-48.38649773070171,13.508194950234412,4970-7302-8590-0981,Business,Idle,WeChat Pay,Monthly
88,8587,259aca04-5dd7-48d5-8b97-d2af070a6399,PfLhqgQVzu,Tom,tom.brakus,Brakus,tom.brakus@email.com,https://robohash.org/sitfaciliscupiditate.png?size=300x300&set=set1,Genderfluid,Tom,783635568,1991-12-18,Administration Liaison,Confidence,West Dotville,Reynolds Crossing,912 Monahan Village,21946,Florida,United States,0.14678911338194212,10.074201777291336,5450-4858-4613-2204,Silver,Idle,Bitcoins,Annual
89,2291,e1487981-dc1b-43be-adab-8ef757adeca7,C812hYe5xa,Rick,rick.volkman,Volkman,rick.volkman@email.com,https://robohash.org/magnameligendiquidem.png?size=300x300&set=set1,Polygender,Rick,108984394,1961-05-11,Construction Agent,Networking skills,New Bryan,MacGyver Street,452 Abshire Stream,16093-1492,Alabama,United States,89.26156999801941,-145.6829054474524,6771-8984-7031-2928,Student,Idle,Bitcoins,Full subscription
90,3606,5115f295-882f-42a4-8b4e-0e4af20e8b82,uJV6mMXild,Dee,dee.heidenreich,Heidenreich,dee.heidenreich@email.com,https://robohash.org/autemsaepeveniam.png?size=300x300&set=set1,Female,Dee,983911728,1996-06-27,Regional Consulting Facilitator,Technical savvy,Littelfurt,Konopelski Loaf,88251 Luella Skyway,57891,Alaska,United States,-65.5671294449541,171.7643055876307,5587-6935-2801-7793,Professional,Active,Bitcoins,Full subscription
91,4619,3ebc10ac-333b-4e88-abf9-f63222f855d4,ogUcxOrfzy,Milo,milo.hessel,Hessel,milo.hessel@email.com,https://robohash.org/amethicdebitis.png?size=300x300&set=set1,Non-binary,Milo,465264745,1980-09-06,Product Accounting Facilitator,Confidence,West Jennastad,Nu Path,28431 Nikolaus Valley,95604-9267,Delaware,United States,-23.950518164748132,152.95304298883275,4592635028204,Professional,Idle,Debit card,Payment in advance
92,4372,0e48696d-09e0-417b-a65b-07270b3079fb,P7lUWsDgYn,Willie,willie.raynor,Raynor,willie.raynor@email.com,https://robohash.org/sitquiaat.png?size=300x300&set=set1,Agender,Willie,304622541,1964-10-16,Senior Facilitator,Self-motivated,Dwaynetown,Cremin Meadows,59956 Lynda Haven,58329-4808,North Carolina,United States,88.36056608893682,-15.306937977129564,5592-7894-5692-0934,Basic,Pending,Paypal,Annual
93,6930,4bdeb1c0-8ce4-4d06-b5d8-dfc284421062,GbsteEVS0m,Walton,walton.lindgren,Lindgren,walton.lindgren@email.com,https://robohash.org/corruptinequetempore.png?size=300x300&set=set1,Male,Walton,160017224,2003-02-07,Legacy Construction Specialist,Communication,West Eustoliastad,Noelle Ville,124 Claudine Lake,63983-9276,Washington,United States,14.971272203846056,66.21702487337055,4110027463275,Starter,Active,WeChat Pay,Annual
94,5584,6302e3a4-83d2-46b1-b427-2c7f4ab79a2a,ASfTCOPYgc,Joey,joey.williamson,Williamson,joey.williamson@email.com,https://robohash.org/harumsitdicta.png?size=300x300&set=set1,Non-binary,Joey,785390089,1959-08-02,Direct Designer,Confidence,New Lancetown,Christeen Street,4393 Candice Court,62736-6094,Illinois,United States,-78.37793300431989,55.86158913171374,4333842308406,Platinum,Pending,Google Pay,Full subscription
95,8078,2a8f0be6-b5d4-420b-81af-bfc3c1f29de9,HRhBs936jA,Jeanice,jeanice.schmidt,Schmidt,jeanice.schmidt@email.com,https://robohash.org/laudantiumquamsit.png?size=300x300&set=set1,Male,Jeanice,392195772,1990-02-21,Future Banking Supervisor,Work under pressure,East Richelleberg,Eugenie Shores,1431 Newton Unions,10260,Nevada,United States,65.88674423978489,-166.70483914998644,6771-8931-4270-5500,Professional,Pending,Credit card,Full subscription
96,5432,9841d9a7-b0ee-40f8-b918-4c495915f47e,eRcvkqh7j8,Cheri,cheri.collins,Collins,cheri.collins@email.com,https://robohash.org/aiustomagnam.png?size=300x300&set=set1,Bigender,Cheri,143469534,1959-06-17,Human Specialist,Confidence,Port Larryton,Fredrick Summit,31747 Abe Field,91801-1753,Louisiana,United States,88.36164361227387,-121.53486120975873,6771-8982-1970-6729,Essential,Blocked,Credit card,Monthly
97,4813,9a6d1cfa-ad34-40c2-b66b-209ce74876c5,cLeThKxMoX,Anton,anton.heathcote,Heathcote,anton.heathcote@email.com,https://robohash.org/ipsaetdignissimos.png?size=300x300&set=set1,Bigender,Anton,383605284,2002-08-09,Healthcare Orchestrator,Self-motivated,New Abel,Lenny Glen,30340 Irving Avenue,69965-3770,Hawaii,United States,88.56163327660761,-147.8326470391958,4192370974652,Free Trial,Pending,WeChat Pay,Full subscription
98,8700,111f93c9-1e72-4785-a708-e743eda37577,kQK8w4PA79,Melita,melita.hamill,Hamill,melita.hamill@email.com,https://robohash.org/necessitatibusestaut.png?size=300x300&set=set1,Bigender,Melita,661481283,1964-08-17,Principal Mining Strategist,Organisation,Okunevaborough,Darren Skyway,7412 Turner Mission,33805,Wyoming,United States,4.001554158025058,-109.19002232356765,5477-2626-0805-9423,Business,Idle,Bitcoins,Full subscription
99,1423,37f16369-f6d2-49f5-986b-2e3bd1c3d713,wi3XQtIWJ6,Corine,corine.torphy,Torphy,corine.torphy@email.com,https://robohash.org/possimussitofficiis.png?size=300x300&set=set1,Agender,Corine,558549135,1968-12-19,Senior Representative,Work under pressure,East Minghaven,Goldner Extension,155 Phil Loaf,85907,North Carolina,United States,-64.5014286132368,-78.81969633738905,4715-5949-6430-3713,Gold,Pending,Bitcoins,Full subscription
